"Name","Row","Action"
"Aaliyah","65","Delete"
"Abby","508","Delete"
"Abigail","13","Delete"
"Ada","1190","Delete"
"Ada","184","Delete"
"Adalee","749","Delete"
"Adaline","285","Delete"
"Adalyn","139","Delete"
"Addilynn","917","Delete"
"Addison","47","Delete"
"Addisyn","892","Delete"
"Addyson","793","Delete"
"Adele","790","Delete"
"Adelina","537","Delete"
"Adelyn","235","Delete"
"Adelynn","358","Delete"
"Adora","1379","Delete"
"Adrianna","608","Delete"
"Agapi","1661","Delete"
"Agnes","1337","Delete"
"Aikatherini","1664","Delete"
"Aila","906","Delete"
"Ailani","541","Delete"
"Aileen","695","Delete"
"Ainhoa","880","Delete"
"Ainsley","354","Delete"
"Aisha","533","Delete"
"Aitana","367","Delete"
"Alaina","196","Delete"
"Alaiya","774","Delete"
"Alana","206","Delete"
"Alani","221","Delete"
"Alaya","339","Delete"
"Alayna","247","Delete"
"Alba","1240","Delete"
"Aleena","597","Delete"
"Alejandra","544","Delete"
"Alejandra","1235","Delete"
"Alena","679","Delete"
"Alessandra","368","Delete"
"Alessia","501","Delete"
"Alexa","1255","Delete"
"Alexandra","1665","Delete"
"Alexandra","137","Delete"
"Alexandria","320","Delete"
"Alexis","309","Delete"
"Alia","572","Delete"
"Aliana","708","Delete"
"Alianna","811","Delete"
"Alice","1187","Delete"
"Alicia","414","Delete"
"Alison","436","Delete"
"Alivia","253","Delete"
"Aliya","866","Delete"
"Aliyah","189","Delete"
"Aliza","666","Delete"
"Alkmini","1666","Delete"
"Allegra","1001","Delete"
"Allie","429","Delete"
"Allison","80","Delete"
"Allura","1367","Delete"
"Allyson","641","Delete"
"Alma","567","Delete"
"Alondra","518","Delete"
"Amarantha","1573","Delete"
"Amari","334","Delete"
"Amaris","888","Delete"
"Amaryllis","1545","Delete"
"Amaryllis","1298","Delete"
"Amayah","929","Delete"
"Amber","513","Delete"
"Amelia","6","Delete"
"Amira","284","Delete"
"Amirah","545","Delete"
"Amiyah","318","Delete"
"Amora","363","Delete"
"Amoura","828","Delete"
"Amy","216","Delete"
"Ana","245","Delete"
"Anahi","626","Delete"
"Anais","1027","Delete"
"Anais","912","Delete"
"Analia","672","Delete"
"Anastasia","158","Delete"
"Anastasia","1002","Delete"
"Andi","807","Delete"
"Angel","440","Delete"
"Angela","251","Delete"
"Angelica","1003","Delete"
"Angeliki","1669","Delete"
"Angelina","1670","Delete"
"Angélique","1620","Delete"
"Anika","753","Delete"
"Aniya","871","Delete"
"Aniyah","311","Delete"
"Annabella","852","Delete"
"Annabelle","1323","Delete"
"Annabelle","1155","Delete"
"Annabelle","1004","Delete"
"Annalisa","1087","Delete"
"Annalise","441","Delete"
"Anne","625","Delete"
"Annette","1088","Delete"
"Annie","288","Delete"
"Annika","835","Delete"
"Ansley","952","Delete"
"Antoinette","1005","Delete"
"Antonella","558","Delete"
"Antonia","1671","Delete"
"Arabella","1188","Delete"
"Arabella","202","Delete"
"Araceli","1271","Delete"
"Aralia","1558","Delete"
"Areti","1672","Delete"
"Ari","486","Delete"
"Aria","26","Delete"
"Ariel","200","Delete"
"Arielle","1091","Delete"
"Ariyah","379","Delete"
"Artemis","1673","Delete"
"Artemis","960","Delete"
"Ashley","154","Delete"
"Ashlyn","602","Delete"
"Ashlynn","665","Delete"
"Aspasia","1674","Delete"
"Aspen","1428","Delete"
"Aspen","224","Delete"
"Astrid","452","Delete"
"Athena","1092","Delete"
"Athena","108","Delete"
"Aubree","156","Delete"
"Aubrey","56","Delete"
"Aubrie","750","Delete"
"Aubriella","847","Delete"
"Aubrielle","791","Delete"
"Audrey","1405","Delete"
"Audrey/ Aubrey Ava","1154","Delete"
"Audrina","1089","Delete"
"Augusta","1331","Delete"
"Aurora","36","Delete"
"Avah","655","Delete"
"Avayah","930","Delete"
"Averi","768","Delete"
"Averie","426","Delete"
"Avery","19","Delete"
"Ayla","131","Delete"
"Ayleen","966","Delete"
"Azariah","853","Delete"
"Azura","1376","Delete"
"Babette","1507","Delete"
"Babs/Bibs","1506","Delete"
"Bambalina","1621","Delete"
"Bambalina","2169","Delete"
"Barbara","1504","Delete"
"Basilia","1820","Delete"
"Batty","1801","Delete"
"Baylee","771","Delete"
"Beanie","1822","Delete"
"Beatrice","1488","Delete"
"Beatrix","1486","Delete"
"Beau","1807","Delete"
"Belinda","1502","Delete"
"Bella","64","Delete"
"Belladonna","1400","Delete"
"Bellamy","1814","Delete"
"Bellamy","795","Delete"
"Bellatrix","1487","Delete"
"Belle","999","Delete"
"Belphoebe","1809","Delete"
"Belvadora","1802","Delete"
"Benicia","2165","Delete"
"Benjamina","2167","Delete"
"Bennie/Benji","2166","Delete"
"Benora","1511","Delete"
"Berenice","1823","Delete"
"Berlin","1493","Delete"
"Berry","2182","Delete"
"Bertha","1508","Delete"
"Beryl","1798","Delete"
"Bess/Bessie","1489","Delete"
"Bethany","603","Delete"
"Betony Beulah","1499","Delete"
"Beverly","1333","Delete"
"Beverly","1495","Delete"
"Bexley","848","Delete"
"Bianca","1321","Delete"
"Bianca","423","Delete"
"Bianca","1491","Delete"
"Bibiana","2183","Delete"
"Biddy","2178","Delete"
"Bijou","1501","Delete"
"Billie","1815","Delete"
"Bindi","1811","Delete"
"Birdella","2174","Delete"
"Birdie/Byrd","1494","Delete"
"Bizzie","1799","Delete"
"Blaire","669","Delete"
"Blake","219","Delete"
"Blakely","167","Delete"
"Blanca","1246","Delete"
"Blanche","1500","Delete"
"Blanchette","2175","Delete"
"Bloom","2172","Delete"
"Blossom","1622","Delete"
"Blossom","2171","Delete"
"Blue","1810","Delete"
"Bluebell","1576","Delete"
"Bluebell","1623","Delete"
"Blush","2159","Delete"
"Bobby","1816","Delete"
"Borghild","2161","Delete"
"Boston","1818","Delete"
"Bowie","2160","Delete"
"Braelyn","686","Delete"
"Braelynn","443","Delete"
"Bria","789","Delete"
"Briallen","1812","Delete"
"Briana","616","Delete"
"Briar","563","Delete"
"Briar","1503","Delete"
"Bridget","1496","Delete"
"Bridget","747","Delete"
"Bridie","1497","Delete"
"Briella","297","Delete"
"Brielle","99","Delete"
"Brighty","2162","Delete"
"Brigitte","1029","Delete"
"Bristol","491","Delete"
"Brittany","956","Delete"
"Bronwyn","1509","Delete"
"Brooklyn","54","Delete"
"Brunhilda","2181","Delete"
"Brylee","777","Delete"
"Brynleigh","884","Delete"
"Brynn","332","Delete"
"Bryony","1804","Delete"
"Buddy/Bud","1819","Delete"
"Calanthe","1560","Delete"
"Cali","292","Delete"
"Callie","165","Delete"
"Calliope","691","Delete"
"Camellia","1601","Delete"
"Cameron","489","Delete"
"Camila","11","Delete"
"Camila","1221","Delete"
"Camilla","257","Delete"
"Camilla","1007","Delete"
"Camille","264","Delete"
"Capri","685","Delete"
"Cara","908","Delete"
"Carebear","1625","Delete"
"Carlotta","1285","Delete"
"Carly","617","Delete"
"Carmen","1256","Delete"
"Carolina","451","Delete"
"Carolina","1248","Delete"
"Caroline","71","Delete"
"Caroline","1359","Delete"
"Caroline","1192","Delete"
"Carter","515","Delete"
"Catherine","267","Delete"
"Cecilia","1008","Delete"
"Cecily","1276","Delete"
"Celandine","1554","Delete"
"Celeste","353","Delete"
"Celeste","1391","Delete"
"Celeste","1241","Delete"
"Celia","784","Delete"
"Celine","1093","Delete"
"Celine","458","Delete"
"Chamomile","1626","Delete"
"Chandler","977","Delete"
"Chara","1676","Delete"
"Chariklia","1677","Delete"
"Charis","1678","Delete"
"Charlee","275","Delete"
"Charleigh","477","Delete"
"Charley","535","Delete"
"Charli","417","Delete"
"Charlotte","1156","Delete"
"Charlotte","1009","Delete"
"Chaya","676","Delete"
"Cherry","1299","Delete"
"Cherrypie","1627","Delete"
"Cheyenne","581","Delete"
"Christiana","1010","Delete"
"Christina","621","Delete"
"Chrysa","1679","Delete"
"Cicely","1031","Delete"
"Cicely","1544","Delete"
"Claire","1158","Delete"
"Clara","103","Delete"
"Clara","1193","Delete"
"Clarissa","909","Delete"
"Claudette","1095","Delete"
"Claudia","1094","Delete"
"Clematis","1564","Delete"
"Cleo","885","Delete"
"Cleodora","1297","Delete"
"Cleome","1563","Delete"
"Colette","529","Delete"
"Columbine","1599","Delete"
"Cora","88","Delete"
"Cora","1191","Delete"
"Coraline","643","Delete"
"Cordelia","1279","Delete"
"Coretta","1034","Delete"
"Coretta","1057","Delete"
"Corinne","954","Delete"
"Corydalis","1562","Delete"
"Cosy","1628","Delete"
"Cricket","1629","Delete"
"Crystal","864","Delete"
"Cynthia","867","Delete"
"Dafni","1680","Delete"
"Dahlia","1565","Delete"
"Dahlia","352","Delete"
"Daisy","143","Delete"
"Daisy","1194","Delete"
"Daisy-Belle","1336","Delete"
"Dakota","261","Delete"
"Dalary","943","Delete"
"Dallas","630","Delete"
"Danai","1681","Delete"
"Dani","802","Delete"
"Daniella","1097","Delete"
"Daniella","413","Delete"
"Danna","488","Delete"
"Daphne","1561","Delete"
"Daphne","415","Delete"
"Deborah","907","Delete"
"Delaney","312","Delete"
"Delilah","1328","Delete"
"Delilah","69","Delete"
"Delphine","1289","Delete"
"Demetria","1334","Delete"
"Demetria","1682","Delete"
"Denise","872","Delete"
"Denisse","854","Delete"
"Desdemona","1312","Delete"
"Destiny","351","Delete"
"Diamantina","1683","Delete"
"Diana","244","Delete"
"Diantha","1548","Delete"
"Dior","499","Delete"
"Dorothea","1278","Delete"
"Dorothy","534","Delete"
"Dorothy","1098","Delete"
"Dove","1317","Delete"
"Dovie","1632","Delete"
"Dream","407","Delete"
"Drew","944","Delete"
"Duchess","1633","Delete"
"Dylan","496","Delete"
"Earla","2211","Delete"
"Easter","2207","Delete"
"Ebony","1829","Delete"
"Echo","2194","Delete"
"Edda","1852","Delete"
"Eden","1199","Delete"
"Edith","473","Delete"
"Edith","1531","Delete"
"Edmonia","1839","Delete"
"Edna","1522","Delete"
"Edwina","2210","Delete"
"Effie","1634","Delete"
"Effie/Eppie","1524","Delete"
"Effimia","1684","Delete"
"Eglantine","1581","Delete"
"Eileen","2185","Delete"
"Eileen","700","Delete"
"Eilish","2191","Delete"
"Eirini","2023","Delete"
"Elaina","249","Delete"
"Elda","2187","Delete"
"Eleanor","22","Delete"
"Eleanor","1195","Delete"
"Electra","1834","Delete"
"Elefteria","2024","Delete"
"Eleftheria","2186","Delete"
"Elena","55","Delete"
"Eleonora","2206","Delete"
"Elexina","1835","Delete"
"Elfie","1836","Delete"
"Eliana","53","Delete"
"Elianna","392","Delete"
"Elina","971","Delete"
"Elisa","1236","Delete"
"Elisabeth","985","Delete"
"Elise","212","Delete"
"Elixabet","2212","Delete"
"Eliza","115","Delete"
"Elizabelle","1530","Delete"
"Ella","15","Delete"
"Ella","1196","Delete"
"Elliana","133","Delete"
"Ellie","1163","Delete"
"Ellietta","1850","Delete"
"Elliot","574","Delete"
"Elliott","479","Delete"
"Ellis","623","Delete"
"Ellison","902","Delete"
"Elma","2213","Delete"
"Elmina","1838","Delete"
"Elmira","2203","Delete"
"Eloise","1161","Delete"
"Elora","1397","Delete"
"Elsa","918","Delete"
"Elsiota","1826","Delete"
"Elvira","1518","Delete"
"Elyse","718","Delete"
"Elysian","1825","Delete"
"Elyssia","1535","Delete"
"Elzada","2200","Delete"
"Emani","978","Delete"
"Ember","187","Delete"
"Emberly","554","Delete"
"Embla","1853","Delete"
"Emelia","449","Delete"
"Emely","522","Delete"
"Emerald","2197","Delete"
"Emerald","957","Delete"
"Emerentiana","2192","Delete"
"Emerson","155","Delete"
"Emerson","1197","Delete"
"Emersyn","164","Delete"
"Emery","89","Delete"
"Emilia","40","Delete"
"Emilia","1165","Delete"
"Emily","18","Delete"
"Emma","1200","Delete"
"Emmalyn","712","Delete"
"Emmalynn","986","Delete"
"Emmeline","1843","Delete"
"Emmeline","873","Delete"
"Emmeline","1164","Delete"
"Emmie","613","Delete"
"Endelienta","2196","Delete"
"Endora","1523","Delete"
"Enola","1526","Delete"
"Ensley","588","Delete"
"Epsie","1840","Delete"
"Erie","1828","Delete"
"Ermelinda","1831","Delete"
"Ermengard","1534","Delete"
"Ernesta","1851","Delete"
"Esme","398","Delete"
"Esmé","1517","Delete"
"Esmeralda","1854","Delete"
"Esmeralda","1099","Delete"
"Esmeralda","395","Delete"
"Esmeralda","1233","Delete"
"Esperanza","947","Delete"
"Esperanza","1224","Delete"
"Essie","1847","Delete"
"Esté","1848","Delete"
"Estelle","1036","Delete"
"Estelle","1059","Delete"
"Esther","153","Delete"
"Esther","1516","Delete"
"Estrella","1833","Delete"
"Estrella","1262","Delete"
"Eternity","2209","Delete"
"Ethel","1528","Delete"
"Etheldreda","1514","Delete"
"Etta","927","Delete"
"Eudoxia","2208","Delete"
"Eulalia","2199","Delete"
"Eulalie","1293","Delete"
"Euphemia","1525","Delete"
"Euphrasia","2184","Delete"
"Eva","93","Delete"
"Evadne","1537","Delete"
"Evangelia","2025","Delete"
"Evangeline","263","Delete"
"Evangeline","1014","Delete"
"Evantha","2195","Delete"
"Evanthia","2026","Delete"
"Eve","1427","Delete"
"Eve","471","Delete"
"Evelina","1512","Delete"
"Evelyn","9","Delete"
"Evelyn","1160","Delete"
"Evelyn","1418","Delete"
"Evelyn","1015","Delete"
"Ever","1845","Delete"
"Everglade","1837","Delete"
"Everlee","372","Delete"
"Everly","43","Delete"
"Everly","1162","Delete"
"Evic","1198","Delete"
"Evie","319","Delete"
"Evora","1849","Delete"
"Exie","1842","Delete"
"Ezra","721","Delete"
"Fairfax","2136","Delete"
"Fairlight","1794","Delete"
"Faith","136","Delete"
"Faline","1636","Delete"
"Fallon","859","Delete"
"Fallon","1467","Delete"
"Fanny","1779","Delete"
"Faronica","1796","Delete"
"Faronica","1482","Delete"
"Farrah","2139","Delete"
"Fawn","1378","Delete"
"Fawn","1637","Delete"
"Fawn","1774","Delete"
"Faye","687","Delete"
"Feather","1638","Delete"
"Feather","2158","Delete"
"Fee","2138","Delete"
"Felecia","1471","Delete"
"Félicie","2143","Delete"
"Felicity","386","Delete"
"Felina","2155","Delete"
"Ferdie","1475","Delete"
"Fern","1322","Delete"
"Fern","1462","Delete"
"Fernanda","571","Delete"
"Fernanda","1474","Delete"
"Fernanda","1258","Delete"
"Fernandine","1484","Delete"
"Fervronia","2029","Delete"
"Finley","201","Delete"
"Fiona","296","Delete"
"Fiona","1481","Delete"
"Fiorella","1060","Delete"
"Flannery","1478","Delete"
"Fleur","1585","Delete"
"Fliss","1477","Delete"
"Flora","932","Delete"
"Flora","2031","Delete"
"Florence","762","Delete"
"Florentina","1320","Delete"
"Florine","1792","Delete"
"Floris","1777","Delete"
"Flossie","1639","Delete"
"Flossie","1465","Delete"
"Flower","1485","Delete"
"Floy","2140","Delete"
"Fontaine","2156","Delete"
"Fortune","1775","Delete"
"Fotini","2032","Delete"
"Frances","416","Delete"
"Francesca","1038","Delete"
"Francesca","1061","Delete"
"Francesca","1100","Delete"
"Francesca","456","Delete"
"Francie","1780","Delete"
"Francine","1469","Delete"
"Frankie","1787","Delete"
"Freesia","1594","Delete"
"Freida","1284","Delete"
"Freya","179","Delete"
"Freya","1473","Delete"
"Freyja","958","Delete"
"Friedelinde","1782","Delete"
"Frillie","2142","Delete"
"Fronnie","2135","Delete"
"Gabriela","322","Delete"
"Gabriela","1230","Delete"
"Gabriella","77","Delete"
"Gabrielle","1102","Delete"
"Galilea","704","Delete"
"Galini","2033","Delete"
"Gemma","1166","Delete"
"Gemma","207","Delete"
"Genesis","62","Delete"
"Genevieve","169","Delete"
"Gentian","1543","Delete"
"Georgia","176","Delete"
"Gia","328","Delete"
"Gianna","12","Delete"
"Giavanna","936","Delete"
"Ginger","1325","Delete"
"Giovanna","1039","Delete"
"Giovanna","1062","Delete"
"Giselle","331","Delete"
"Gladys","1319","Delete"
"Gloria","578","Delete"
"Glykeria","2034","Delete"
"Goody","1980","Delete"
"Grace","28","Delete"
"Grace","1167","Delete"
"Gracie","209","Delete"
"Greta","743","Delete"
"Guadalupe","945","Delete"
"Gwen","819","Delete"
"Gwendolyn","1052","Delete"
"Gwendolyn","377","Delete"
"Habiba","2125","Delete"
"Hadassah","1461","Delete"
"Hadlee","857","Delete"
"Hadleigh","972","Delete"
"Hadley","111","Delete"
"Hadley","1202","Delete"
"Hailey","81","Delete"
"hailya","1104","Delete"
"Haisley","373","Delete"
"Halle","2133","Delete"
"Halle","858","Delete"
"Halo","939","Delete"
"Halo","1760","Delete"
"Halsey","1751","Delete"
"Hana","755","Delete"
"Hanna","526","Delete"
"hanna","1105","Delete"
"Hannah","39","Delete"
"Hannah","1447","Delete"
"Harbor","1767","Delete"
"Harlee","752","Delete"
"Harleigh","993","Delete"
"Harlem","2127","Delete"
"Harley","291","Delete"
"Harley","1749","Delete"
"Harlow","1355","Delete"
"Harlow","1168","Delete"
"Harlow","1755","Delete"
"Harmony","175","Delete"
"Haroldine","1754","Delete"
"Harper","10","Delete"
"Harper","1452","Delete"
"Harper","1203","Delete"
"Hart","1757","Delete"
"Hartley","2130","Delete"
"Hattie","425","Delete"
"Hatty","1764","Delete"
"haura","1106","Delete"
"Haven","310","Delete"
"Haven","1404","Delete"
"Haven","1169","Delete"
"Haviland","1769","Delete"
"Hawthorn","1618","Delete"
"Hayley","674","Delete"
"Hayley","1746","Delete"
"Haze","1748","Delete"
"Hazel","31","Delete"
"hazel","1107","Delete"
"Hazel","1431","Delete"
"Heath","1555","Delete"
"Heaven","422","Delete"
"Heavenly","1450","Delete"
"Hecate","2134","Delete"
"Hecuba","1752","Delete"
"Hedwig","2115","Delete"
"Heidi","381","Delete"
"Heidi","1448","Delete"
"Helena","1436","Delete"
"Helenia","1763","Delete"
"Heloise","2123","Delete"
"Hemera","2122","Delete"
"Hemlock","1765","Delete"
"Hendrina","2132","Delete"
"Henley","584","Delete"
"Henny","1460","Delete"
"Henrietta","1442","Delete"
"Hephzibah","2110","Delete"
"Heppie","2126","Delete"
"Hera","1395","Delete"
"Hera","1455","Delete"
"Herleva","1761","Delete"
"Hermia","1758","Delete"
"Hermina","2119","Delete"
"Hermione","1054","Delete"
"Hermione","1449","Delete"
"Hero","2124","Delete"
"Hersilia","2117","Delete"
"Hessie","1457","Delete"
"Hester","2104","Delete"
"Hetty","1438","Delete"
"Hickory","1762","Delete"
"Hilda","2114","Delete"
"Hildegard","2113","Delete"
"Hillary","2107","Delete"
"Holiday","1459","Delete"
"Holland","1437","Delete"
"Holland","711","Delete"
"Hollis","2131","Delete"
"Holly","481","Delete"
"Honesty","1766","Delete"
"Honey","1440","Delete"
"Honey-Belle","1316","Delete"
"Honeybee","1981","Delete"
"Honeybell","1595","Delete"
"Honeymoon","1982","Delete"
"Honor","1444","Delete"
"Honoria","1742","Delete"
"Hope","204","Delete"
"Hoshi","2121","Delete"
"Hoshiko","2120","Delete"
"Hossana","2105","Delete"
"Huguette","1458","Delete"
"humaira","1110","Delete"
"Hyacinth","1569","Delete"
"Hypatia","1753","Delete"
"Ianthe","2050","Delete"
"Icie","1948","Delete"
"Ida","1344","Delete"
"Ida","1692","Delete"
"Idalia","1693","Delete"
"Idella","2069","Delete"
"Idina","1934","Delete"
"Idoia","1924","Delete"
"Idonea","2058","Delete"
"Idril","1930","Delete"
"Idyllia","2051","Delete"
"Ifeoma","1942","Delete"
"Iggy","2072","Delete"
"Igraine","1939","Delete"
"Ildikó","2071","Delete"
"Ilenia","1946","Delete"
"Iliana","890","Delete"
"Iliyana","1712","Delete"
"Ilonka","1709","Delete"
"Ilsa","1304","Delete"
"ilyana","1112","Delete"
"Imani","523","Delete"
"Imogen","1689","Delete"
"Impi","2057","Delete"
"Imriska","1928","Delete"
"Indara","1937","Delete"
"Indiana","1699","Delete"
"Indie","1687","Delete"
"Indra","1943","Delete"
"Inez","1700","Delete"
"Ingeborg","1926","Delete"
"Inger","2062","Delete"
"Ingrid","1688","Delete"
"Inmaculada","1935","Delete"
"Inola","2059","Delete"
"Invidia","2060","Delete"
"Iolanka","1945","Delete"
"Iolanthe","1923","Delete"
"Iona","1335","Delete"
"Iphigenia","2063","Delete"
"Ippolita","2068","Delete"
"Iracema","1932","Delete"
"Iraida","1690","Delete"
"Irati","1705","Delete"
"Irene","2047","Delete"
"Iria","1933","Delete"
"Iridian","1708","Delete"
"Iris","2048","Delete"
"Iris","127","Delete"
"Irmentrud","1947","Delete"
"Irmhild","1696","Delete"
"Irminia","1944","Delete"
"Iro","2037","Delete"
"Isabel","157","Delete"
"Isabel","1707","Delete"
"Isabela","830","Delete"
"Isabeline","2065","Delete"
"Isabella","7","Delete"
"Isabella","1239","Delete"
"Isabella","1017","Delete"
"Isabelle","121","Delete"
"Isadora","2053","Delete"
"Isadora","1363","Delete"
"iselyn","1115","Delete"
"Isla","2054","Delete"
"Isla","1228","Delete"
"Ismini","2038","Delete"
"Isobel","1040","Delete"
"Itzel","565","Delete"
"Itzel","1253","Delete"
"Iva","1936","Delete"
"Ivana","2064","Delete"
"Ivanka","2055","Delete"
"Ivanna","596","Delete"
"Ivelisse","1938","Delete"
"Ivory","1695","Delete"
"Ivy","58","Delete"
"Ivy","1206","Delete"
"Iyla","910","Delete"
"Izabella","341","Delete"
"Izendra","1701","Delete"
"Izumi","2070","Delete"
"izza","1117","Delete"
"Izzy","1703","Delete"
"Jacinta","1589","Delete"
"Jacqueline","1055","Delete"
"Jacqueline","442","Delete"
"Jade","1351","Delete"
"Jaliyah","530","Delete"
"Jamie","710","Delete"
"Jane","265","Delete"
"Jane","1207","Delete"
"Jasmine","1424","Delete"
"Jayla","301","Delete"
"Jaylah","732","Delete"
"Jaylee","925","Delete"
"Jayleen","549","Delete"
"Jazlyn","547","Delete"
"Jazmin","637","Delete"
"Jazmine","778","Delete"
"Jean","1392","Delete"
"Jemima","1041","Delete"
"Jemima","1064","Delete"
"Jemma","583","Delete"
"Jenesis","926","Delete"
"Jenna","548","Delete"
"Jessica","399","Delete"
"Jessie","716","Delete"
"Jezebel","1389","Delete"
"Jillian","1370","Delete"
"Jillian","961","Delete"
"Jimena","1232","Delete"
"Jimson","1549","Delete"
"Joanie","1301","Delete"
"Joanna","258","Delete"
"Jocelyn","1357","Delete"
"joelle","1136","Delete"
"Joelle","765","Delete"
"Johanna","644","Delete"
"Jolene","474","Delete"
"Jolie","720","Delete"
"Jonquil","1577","Delete"
"Jordan","435","Delete"
"Josefina","1226","Delete"
"Josephine","1042","Delete"
"Josephine","1327","Delete"
"Josephine","86","Delete"
"Josie","134","Delete"
"Journey","298","Delete"
"Journey","1354","Delete"
"Journi","705","Delete"
"Jovie","922","Delete"
"Joyce","983","Delete"
"Judith","903","Delete"
"Julia","107","Delete"
"Julie","614","Delete"
"Juliet","306","Delete"
"Juliet","1208","Delete"
"Juliette","180","Delete"
"June","1315","Delete"
"Juneberry","1984","Delete"
"Juniper","172","Delete"
"Kadence","1000","Delete"
"Kai","794","Delete"
"Kailani","282","Delete"
"kailani","1138","Delete"
"Kailey","840","Delete"
"Kairi","824","Delete"
"Kaisley","756","Delete"
"Kaiti","2039","Delete"
"Kaitlyn","487","Delete"
"Kali","252","Delete"
"Kallie","769","Delete"
"Kallirroi","2040","Delete"
"Kalmia","1603","Delete"
"Kamari","946","Delete"
"kamel","1139","Delete"
"Kamila","214","Delete"
"Kamilah","827","Delete"
"Kamryn","459","Delete"
"Kara","671","Delete"
"Karina","611","Delete"
"Karsyn","612","Delete"
"Karter","887","Delete"
"Kassidy","652","Delete"
"Kataleya","766","Delete"
"Katalina","557","Delete"
"Kate","411","Delete"
"Katherine","135","Delete"
"Kathryn","536","Delete"
"Katia","1641","Delete"
"Kayla","217","Delete"
"Kaylani","340","Delete"
"Kaylee","117","Delete"
"Kaylie","913","Delete"
"kazea","1141","Delete"
"Kehlani","168","Delete"
"Keilani","763","Delete"
"Keily","851","Delete"
"keira","1143","Delete"
"Keira","464","Delete"
"Kendall","314","Delete"
"Kendra","551","Delete"
"Kennedi","524","Delete"
"Kennedia","1550","Delete"
"Kenzie","369","Delete"
"Keyla","839","Delete"
"khadija","1144","Delete"
"Khalani","900","Delete"
"Khloe","160","Delete"
"Kiana","897","Delete"
"Kiara","308","Delete"
"Kimber","682","Delete"
"Kimora","962","Delete"
"Kinley","431","Delete"
"Kinsley","59","Delete"
"Kira","384","Delete"
"Kitty","1302","Delete"
"Kleio","2042","Delete"
"Koralia","2045","Delete"
"Kori","780","Delete"
"Korina","2046","Delete"
"Kyla","490","Delete"
"Kylie","132","Delete"
"Kynlee","808","Delete"
"Kyra","678","Delete"
"Kyveli","1899","Delete"
"Lacey","1985","Delete"
"Ladybird","1986","Delete"
"Laila","225","Delete"
"Lainey","364","Delete"
"Lana","390","Delete"
"Landry","879","Delete"
"Laney","657","Delete"
"lanthe","1547","Delete"
"Lara","706","Delete"
"Laura","357","Delete"
"laura","1147","Delete"
"Laura","1244","Delete"
"Laurel","683","Delete"
"Lauren","232","Delete"
"Laurenstine","1644","Delete"
"Laurestine","1574","Delete"
"Laurine","1646","Delete"
"Lauryn","713","Delete"
"Lavandula","1582","Delete"
"Lavender","1306","Delete"
"Lavender","1987","Delete"
"Leia","295","Delete"
"Leigh","1381","Delete"
"Leila","205","Delete"
"Leilani","92","Delete"
"Lena","270","Delete"
"Lennon","299","Delete"
"Lennox","587","Delete"
"Lennox","1407","Delete"
"Lenora","1426","Delete"
"Leona","482","Delete"
"Léonce","1647","Delete"
"Léonie","1648","Delete"
"Leslie","600","Delete"
"Leticia","1421","Delete"
"Lexie","911","Delete"
"Leyla","586","Delete"
"Lia","289","Delete"
"Liana","461","Delete"
"Liberty","653","Delete"
"Lila","226","Delete"
"Lilac","1587","Delete"
"Lilac","1988","Delete"
"Lilian","654","Delete"
"Liliana","110","Delete"
"Lilianna","842","Delete"
"Lilianne","1650","Delete"
"Lilibet","1989","Delete"
"Lilith","316","Delete"
"Lillian","46","Delete"
"Lilliana","345","Delete"
"Lillie","724","Delete"
"Lilly","231","Delete"
"Lily","1209","Delete"
"Lilyana","881","Delete"
"Lina","684","Delete"
"Linnea","1617","Delete"
"lischa","1149","Delete"
"Lisette","1651","Delete"
"Liv","667","Delete"
"Lizette","1254","Delete"
"loanna","2035","Delete"
"Lockette","1990","Delete"
"Logan","317","Delete"
"Lola","1175","Delete"
"Lola","240","Delete"
"London","195","Delete"
"Londyn","162","Delete"
"lone","1606","Delete"
"lone","1368","Delete"
"lone","1691","Delete"
"Lorelei","1329","Delete"
"Lorelei","506","Delete"
"Lorette","1652","Delete"
"Louisa","725","Delete"
"Louise","690","Delete"
"Louisette","1653","Delete"
"lovelya","1150","Delete"
"Lucienne","1654","Delete"
"Lucille","1018","Delete"
"Lucinda","1019","Delete"
"Lucinde","1655","Delete"
"Lucy","1210","Delete"
"Luella","987","Delete"
"Lullaby","1991","Delete"
"Luna","1176","Delete"
"Luz","1267","Delete"
"Lyanna","764","Delete"
"Lyla","118","Delete"
"Lylah","592","Delete"
"Lyric","412","Delete"
"Mabel","427","Delete"
"Maci","455","Delete"
"Macy","618","Delete"
"Madalyn","813","Delete"
"Maddison","475","Delete"
"Madeleine","1656","Delete"
"Madeleine","394","Delete"
"Madeline","1020","Delete"
"Madelyn","66","Delete"
"Madelyn","1369","Delete"
"Madilyn","325","Delete"
"Madison","23","Delete"
"Madisyn","726","Delete"
"Maeve","173","Delete"
"Magdalena","1347","Delete"
"Magdalena","997","Delete"
"Magdalini","1901","Delete"
"Maggie","293","Delete"
"Magnolia","1557","Delete"
"Magnolia","1308","Delete"
"Maia","498","Delete"
"Maisie","409","Delete"
"Makayla","326","Delete"
"Makenna","402","Delete"
"Malani","495","Delete"
"Malaya","668","Delete"
"Malayah","949","Delete"
"Malaysia","622","Delete"
"Malia","259","Delete"
"Maliyah","463","Delete"
"Mallory","568","Delete"
"Malva","1597","Delete"
"Mara","627","Delete"
"Marceline","973","Delete"
"Marcelle","1657","Delete"
"Margaret","126","Delete"
"Margaux","1658","Delete"
"Margot","234","Delete"
"Maria","1066","Delete"
"Maria","109","Delete"
"Mariam","632","Delete"
"Mariana","276","Delete"
"Marianna","832","Delete"
"Marianna","1902","Delete"
"Marianne","1659","Delete"
"Maricela","1252","Delete"
"Marie","619","Delete"
"Marie-Rose","2000","Delete"
"Marietta","1903","Delete"
"Marigold","1340","Delete"
"Marilena","1904","Delete"
"Marilla","1324","Delete"
"Marilyn","1343","Delete"
"Marilyn","636","Delete"
"Marion","2003","Delete"
"Marise","2004","Delete"
"Marisol","1225","Delete"
"Marisol","974","Delete"
"Marlee","430","Delete"
"Marleigh","722","Delete"
"Marléne","2005","Delete"
"Marley","211","Delete"
"Marlowe","921","Delete"
"Martha","772","Delete"
"Martha","1906","Delete"
"Marthe","2006","Delete"
"Mary","124","Delete"
"Maryam","503","Delete"
"Maryléne","2008","Delete"
"Maryvonne","2010","Delete"
"Matilda","478","Delete"
"Maude","2011","Delete"
"Maxine","737","Delete"
"mazaya","1121","Delete"
"Mazikeen","998","Delete"
"Mckenna","272","Delete"
"Mckenzie","278","Delete"
"Meadow","476","Delete"
"Megan","638","Delete"
"Mégane","2012","Delete"
"Meghan","878","Delete"
"Meilani","886","Delete"
"Mélanie","2013","Delete"
"Melina","1907","Delete"
"Melina","648","Delete"
"Melissa","348","Delete"
"Mélodie","2015","Delete"
"Melpomeni","1908","Delete"
"melvy","1123","Delete"
"Mercy","814","Delete"
"Mercy","1356","Delete"
"Mia / Maya","1177","Delete"
"Micaela","1268","Delete"
"Michaela","1909","Delete"
"Micheline","2016","Delete"
"Michelle","336","Delete"
"Midge","1993","Delete"
"miftya","1124","Delete"
"Mikaela","757","Delete"
"Mikayla","543","Delete"
"Mila","1212","Delete"
"Milan","642","Delete"
"Milana","698","Delete"
"Milena","821","Delete"
"Miley","740","Delete"
"Millie","190","Delete"
"Mina","1423","Delete"
"Mira","485","Delete"
"Mirabelle","2018","Delete"
"Miracle","388","Delete"
"Miranda","542","Delete"
"Miranda","1238","Delete"
"Mistletoe","1994","Delete"
"Modestine","2019","Delete"
"Monica","703","Delete"
"Monroe","539","Delete"
"Morgane","2020","Delete"
"Muffy/Muffin","1995","Delete"
"munira","1126","Delete"
"Mya","242","Delete"
"Myla","277","Delete"
"Myra","1287","Delete"
"Nabila","2082","Delete"
"Nadia","2080","Delete"
"Nadia","468","Delete"
"nadin","1127","Delete"
"Nadine","1713","Delete"
"Nadine","2021","Delete"
"Nadira","1740","Delete"
"Naenia","2099","Delete"
"nahrani","1128","Delete"
"Nainsí","1969","Delete"
"Nala","2083","Delete"
"Nala","693","Delete"
"Nalani","593","Delete"
"Nalani","1952","Delete"
"Nan","1978","Delete"
"Nanako","1974","Delete"
"Nancy","893","Delete"
"Nannie","2076","Delete"
"Naomi","1716","Delete"
"Naomie","2022","Delete"
"Narcissa","1719","Delete"
"Narcisse","1875","Delete"
"Nasrin","2091","Delete"
"Natalia","1067","Delete"
"Natalia","84","Delete"
"Natalia","1910","Delete"
"Natalie","51","Delete"
"Natalina","1733","Delete"
"Nataly","941","Delete"
"Natasha","2078","Delete"
"Natasha","950","Delete"
"Nathalie","914","Delete"
"Nattie","1956","Delete"
"Navy","658","Delete"
"Navy","1720","Delete"
"Naya","758","Delete"
"nayleen","1129","Delete"
"nazura","1130","Delete"
"Nefeli","1912","Delete"
"Nefertari","1976","Delete"
"Nektaria","1913","Delete"
"Nelda","2097","Delete"
"Nelina","1955","Delete"
"Nellie","837","Delete"
"Nemes","1961","Delete"
"Nephthys","1726","Delete"
"Neppie","1975","Delete"
"Nereida","1722","Delete"
"Nerissa","1968","Delete"
"Nestani","2085","Delete"
"Nevada","1721","Delete"
"Nevaeh","83","Delete"
"Nia","494","Delete"
"Nicole","266","Delete"
"Nicolette","1876","Delete"
"Nicoline","1972","Delete"
"Nieve","1973","Delete"
"Niki","2081","Delete"
"Nikita","1953","Delete"
"Nilima","2102","Delete"
"Nimona","1727","Delete"
"Nina","329","Delete"
"ninaya","1131","Delete"
"Ninisina","1963","Delete"
"Nissa","2095","Delete"
"Noa","1967","Delete"
"Noa","466","Delete"
"Noadiah","1966","Delete"
"Noah","876","Delete"
"Nobuko","1739","Delete"
"Noel","1741","Delete"
"Noelani","1970","Delete"
"Noéle","1878","Delete"
"Noëlle","1879","Delete"
"Noelle","210","Delete"
"Noemi","781","Delete"
"Noémi","1880","Delete"
"Noemi","1736","Delete"
"Nola","2086","Delete"
"Nonie","2100","Delete"
"Noor","2089","Delete"
"Nora","30","Delete"
"Nora","1951","Delete"
"norah","1133","Delete"
"Norberta","1958","Delete"
"Noreen","1979","Delete"
"Norma","1731","Delete"
"Normina","2087","Delete"
"Nova","38","Delete"
"Nova","1178","Delete"
"Novalee","815","Delete"
"Novalee","1730","Delete"
"novelia","1134","Delete"
"Novella","1718","Delete"
"Noxolo","2084","Delete"
"Noya","2103","Delete"
"Noyabrina","1737","Delete"
"nozelyn","1135","Delete"
"Nunzia","1959","Delete"
"Nydia","1962","Delete"
"Nylah","403","Delete"
"Nymphadora","1971","Delete"
"Nymphaea","1616","Delete"
"Nymphaea","1717","Delete"
"Nymphie","2075","Delete"
"Nyomi","970","Delete"
"Nyx","1954","Delete"
"Oaklee","620","Delete"
"Oakleigh","860","Delete"
"Oakley","281","Delete"
"Oaklyn","566","Delete"
"Oaklynn","307","Delete"
"Océane","1881","Delete"
"Octavia","335","Delete"
"Odette","1068","Delete"
"Odette","1882","Delete"
"Olive","197","Delete"
"Olivia","1046","Delete"
"Olympia","1314","Delete"
"Olympia","1915","Delete"
"Ophelia","1047","Delete"
"Ophelia","1318","Delete"
"Ophelia","1070","Delete"
"Ophelia","391","Delete"
"Orchid","1609","Delete"
"Orianne","1886","Delete"
"Otellia","1346","Delete"
"Ottilie","1024","Delete"
"Paislee","378","Delete"
"Paisleigh","863","Delete"
"Paisley","50","Delete"
"Paityn","984","Delete"
"Palmer","347","Delete"
"Paloma","940","Delete"
"Pandora","1292","Delete"
"Paola","955","Delete"
"Paris","419","Delete"
"Parker","128","Delete"
"Paula","822","Delete"
"Paulina","826","Delete"
"Paulina","1263","Delete"
"Payton","218","Delete"
"Penelope","1025","Delete"
"Penelope","25","Delete"
"Penelope","1180","Delete"
"Penny","727","Delete"
"Periwinkle","1855","Delete"
"Persicaria","1592","Delete"
"Petal","1615","Delete"
"Petroula","1918","Delete"
"Peyton","98","Delete"
"Phoenix","286","Delete"
"Pinelopi","1919","Delete"
"Piper","91","Delete"
"Piper","1409","Delete"
"Piper","1215","Delete"
"Polina","1920","Delete"
"Polly","1280","Delete"
"Poppy","1542","Delete"
"Poppy","1857","Delete"
"Poppy","1181","Delete"
"Poppy","462","Delete"
"Porridge","1858","Delete"
"Posy","1580","Delete"
"Primrose","1566","Delete"
"Primrose","1856","Delete"
"Princess","797","Delete"
"Priscilla","562","Delete"
"Prona","2147","Delete"
"Prudence","1890","Delete"
"Prunella","1570","Delete"
"Queen","967","Delete"
"Queenie","1859","Delete"
"Quinn","1216","Delete"
"Rachelle","1891","Delete"
"Raelynn","104","Delete"
"Raina","809","Delete"
"Ramona","816","Delete"
"Ramona","1261","Delete"
"Raquel","933","Delete"
"Raven","1420","Delete"
"Raven","418","Delete"
"Ravenna","1425","Delete"
"Raya","937","Delete"
"Rayna","1382","Delete"
"Rayna","702","Delete"
"Rayne","775","Delete"
"Reagan","114","Delete"
"Rébecca","1892","Delete"
"Rebecca","250","Delete"
"Regina","432","Delete"
"Reign","356","Delete"
"Reina","590","Delete"
"Reina","1259","Delete"
"Remi","125","Delete"
"Remington","360","Delete"
"Remy","1372","Delete"
"Renata","512","Delete"
"Renée","1893","Delete"
"Reyna","594","Delete"
"Rhea","628","Delete"
"Rhoda","1291","Delete"
"Rielle","1385","Delete"
"Rivka","805","Delete"
"Robin","904","Delete"
"Rocio","1250","Delete"
"Rosalie","1026","Delete"
"Rosalie","1282","Delete"
"Rosalie","198","Delete"
"Rosalind","1079","Delete"
"Rosaline","1071","Delete"
"Roseline","1896","Delete"
"Roselyn","723","Delete"
"Rosemary","1586","Delete"
"Rosette","1897","Delete"
"Rosie","470","Delete"
"Rowan","1417","Delete"
"Rowan","255","Delete"
"Roxann","1898","Delete"
"Royalty","393","Delete"
"Ruby","74","Delete"
"Ruth","220","Delete"
"Rylie","355","Delete"
"Sabrina","389","Delete"
"Sadie","78","Delete"
"Saelah","1383","Delete"
"Saige","1353","Delete"
"Saige","595","Delete"
"Salem","607","Delete"
"Samantha","90","Delete"
"Saoirse","741","Delete"
"Sarai","472","Delete"
"Savanna","640","Delete"
"Sawyer","238","Delete"
"Scarlet","1386","Delete"
"Scarlet","446","Delete"
"Scarlett","21","Delete"
"Scarlett","1072","Delete"
"Scout","874","Delete"
"Selena","1222","Delete"
"Selene","800","Delete"
"Selini","1922","Delete"
"Senna","1610","Delete"
"Seraphina","1300","Delete"
"Seraphina","1080","Delete"
"Serena","421","Delete"
"Serenity","70","Delete"
"Shelby","502","Delete"
"Shiloh","454","Delete"
"Shortcake","1861","Delete"
"Siena","634","Delete"
"Sienna","1183","Delete"
"Sierra","540","Delete"
"Sierra","1269","Delete"
"Silene","1611","Delete"
"Sky","801","Delete"
"Skyla","633","Delete"
"Skyler","465","Delete"
"Slipper","1863","Delete"
"Sloan","663","Delete"
"Sloane","181","Delete"
"Sloane","1218","Delete"
"Sofia","17","Delete"
"Sol","1247","Delete"
"Sophia","1073","Delete"
"Sophia","1184","Delete"
"Sophie","75","Delete"
"Sorrel","1588","Delete"
"Stella","42","Delete"
"Stella","1219","Delete"
"Stellaria","1600","Delete"
"Stephanie","437","Delete"
"Stevie","410","Delete"
"Sugarplum","1864","Delete"
"Sutton","323","Delete"
"Suzette","1338","Delete"
"Swannie","1865","Delete"
"Sydney","243","Delete"
"Sylvie","776","Delete"
"Tabitha","1051","Delete"
"Tabitha","1074","Delete"
"Talia","337","Delete"
"Tansy","1556","Delete"
"Tatum","343","Delete"
"Taylor","161","Delete"
"Temperance","1349","Delete"
"Tempest","1384","Delete"
"Teresa","746","Delete"
"Teresa","1265","Delete"
"Thalia","803","Delete"
"Thea","1185","Delete"
"Theodora","834","Delete"
"Thomasina","1286","Delete"
"Thumbelina","1868","Delete"
"Tiffany","792","Delete"
"Tinsley","715","Delete"
"Tiptoe","1867","Delete"
"Treasure","729","Delete"
"Trillium","1596","Delete"
"Tulip","1546","Delete"
"Vada","817","Delete"
"Valentina","1082","Delete"
"Valentine","1295","Delete"
"Valeria","1056","Delete"
"Valeria","150","Delete"
"Valerian","1619","Delete"
"Valerie","1352","Delete"
"Valerie","145","Delete"
"Veda","938","Delete"
"Velvet","1871","Delete"
"Verbena","1311","Delete"
"Verbena","1593","Delete"
"Veronica","380","Delete"
"Vervain","1579","Delete"
"Victoria","34","Delete"
"Victoria","1083","Delete"
"Violeta","891","Delete"
"Violetta","1077","Delete"
"Violette","982","Delete"
"Virginia","580","Delete"
"Virginia","1362","Delete"
"Vivian","1339","Delete"
"Vivian/Vivianne Wil","1186","Delete"
"Viviana","404","Delete"
"Waverly","738","Delete"
"Whisper","1874","Delete"
"Whitley","942","Delete"
"Willa","349","Delete"
"Willamina","1303","Delete"
"Willow","48","Delete"
"Winnie","770","Delete"
"Winsome","1873","Delete"
"Wisteria","1607","Delete"
"Wren","361","Delete"
"Wren","1401","Delete"
"Xiomara","606","Delete"
"Xiomara","1231","Delete"
"Yamileth","988","Delete"
"Yara","651","Delete"
"Yareli","846","Delete"
"Yaretzi","505","Delete"
"Zahra","589","Delete"
"Zainab","959","Delete"
"Zaniyah","730","Delete"
"Zariyah","697","Delete"
"Zaylee","661","Delete"
"Zelda","559","Delete"
"Zhuri","991","Delete"
"Zillah","1330","Delete"
"Zinnia","1559","Delete"
"Zoey","32","Delete"
"Zora","877","Delete"
"Zorah","1373","Delete"
"Норе","1434","Delete"